{
    "loss": 1.777221918106079,
    "accuracy": 0.382133424282074
}