{
    "loss": 1.8121432065963745,
    "accuracy": 0.2850334048271179
}