{
    "loss": 2.154902219772339,
    "accuracy": 0.1764840930700302
}