{
    "loss": 2.110175609588623,
    "accuracy": 0.1764840930700302
}